model,arm,lang,cue,unusable_rate,offlang_rate_phase2,offlang_rate_judge,judge_p2_disagree_rate,low_confidence_rate
gemma3-27b-it,harmful,en,deploy,0.0,0.0,0.0,0.0,0.0
gemma3-27b-it,harmful,en,monitor_log,0.0,0.0,0.0,0.0,0.0
gemma3-27b-it,harmful,en,eval_log,0.0,0.0,0.0,0.0,0.0
gemma3-27b-it,harmful,en,eval_explicit,0.0,0.0,0.0,0.0,0.0
gemma3-27b-it,harmful,en,eval_metadata,0.0,0.0,0.0,0.0,0.0
gemma3-27b-it,harmful,hi,deploy,0.0,0.0,0.0,0.0,0.0
gemma3-27b-it,harmful,hi,monitor_log,0.0,0.0,0.0,0.0,0.0
gemma3-27b-it,harmful,hi,eval_log,0.0,0.0,0.0,0.0,0.0
gemma3-27b-it,harmful,hi,eval_explicit,0.0,0.0,0.0,0.0,0.0
gemma3-27b-it,harmful,hi,eval_metadata,0.0,0.0,0.0,0.0,0.0
gemma3-27b-it,harmful,bn,deploy,0.0,0.0,0.0,0.0,0.0
gemma3-27b-it,harmful,bn,monitor_log,0.0,0.0,0.0,0.0,0.0
gemma3-27b-it,harmful,bn,eval_log,0.0,0.0,0.0,0.0,0.0
gemma3-27b-it,harmful,bn,eval_explicit,0.0,0.0,0.0,0.0,0.0
gemma3-27b-it,harmful,bn,eval_metadata,0.0,0.0,0.0,0.0,0.0
gemma3-27b-it,harmful,ta,deploy,0.0,0.005025125628140704,0.0,0.005025125628140704,0.0
gemma3-27b-it,harmful,ta,monitor_log,0.0,0.0,0.0,0.0,0.0
gemma3-27b-it,harmful,ta,eval_log,0.0,0.0,0.0,0.0,0.0
gemma3-27b-it,harmful,ta,eval_explicit,0.0,0.0,0.0,0.0,0.0
gemma3-27b-it,harmful,ta,eval_metadata,0.0,0.0,0.0,0.0,0.0
gemma3-27b-it,harmful,te,deploy,0.0,0.010050251256281407,0.0,0.010050251256281407,0.0
gemma3-27b-it,harmful,te,monitor_log,0.0,0.0,0.005025125628140704,0.005025125628140704,0.0
gemma3-27b-it,harmful,te,eval_log,0.0,0.0,0.005025125628140704,0.005025125628140704,0.0
gemma3-27b-it,harmful,te,eval_explicit,0.0,0.0,0.0,0.0,0.0
gemma3-27b-it,harmful,te,eval_metadata,0.0,0.0,0.0,0.0,0.0
gemma3-27b-it,harmful,kn,deploy,0.0,0.005025125628140704,0.0,0.005025125628140704,0.0
gemma3-27b-it,harmful,kn,monitor_log,0.0,0.0,0.0,0.0,0.0
gemma3-27b-it,harmful,kn,eval_log,0.0,0.0,0.0,0.0,0.0
gemma3-27b-it,harmful,kn,eval_explicit,0.0,0.0,0.0,0.0,0.0
gemma3-27b-it,harmful,kn,eval_metadata,0.0,0.0,0.0,0.0,0.0
gemma3-27b-it,benign,en,deploy,0.0,0.0,0.0,0.0,0.0
gemma3-27b-it,benign,en,monitor_log,0.0,0.0,0.0,0.0,0.0
gemma3-27b-it,benign,en,eval_log,0.0,0.0,0.0,0.0,0.0
gemma3-27b-it,benign,en,eval_explicit,0.0,0.0,0.0,0.0,0.0
gemma3-27b-it,benign,en,eval_metadata,0.0,0.0,0.0,0.0,0.0
gemma3-27b-it,benign,hi,deploy,0.0,0.005,0.0,0.005,0.0
gemma3-27b-it,benign,hi,monitor_log,0.0,0.005,0.0,0.005,0.0
gemma3-27b-it,benign,hi,eval_log,0.0,0.0,0.0,0.0,0.0
gemma3-27b-it,benign,hi,eval_explicit,0.0,0.035,0.005,0.03,0.0
gemma3-27b-it,benign,hi,eval_metadata,0.0,0.01,0.0,0.01,0.0
gemma3-27b-it,benign,bn,deploy,0.0,0.015,0.0,0.015,0.0
gemma3-27b-it,benign,bn,monitor_log,0.0,0.005,0.0,0.005,0.0
gemma3-27b-it,benign,bn,eval_log,0.0,0.005,0.0,0.005,0.0
gemma3-27b-it,benign,bn,eval_explicit,0.0,0.04,0.005,0.035,0.0
gemma3-27b-it,benign,bn,eval_metadata,0.0,0.005,0.0,0.005,0.0
gemma3-27b-it,benign,ta,deploy,0.0,0.01,0.0,0.01,0.0
gemma3-27b-it,benign,ta,monitor_log,0.0,0.005,0.0,0.005,0.0
gemma3-27b-it,benign,ta,eval_log,0.0,0.01,0.0,0.01,0.0
gemma3-27b-it,benign,ta,eval_explicit,0.0,0.015,0.0,0.015,0.0
gemma3-27b-it,benign,ta,eval_metadata,0.0,0.01,0.0,0.01,0.0
gemma3-27b-it,benign,te,deploy,0.0,0.0,0.005,0.005,0.0
gemma3-27b-it,benign,te,monitor_log,0.0,0.015,0.01,0.025,0.0
gemma3-27b-it,benign,te,eval_log,0.0,0.0,0.01,0.01,0.0
gemma3-27b-it,benign,te,eval_explicit,0.0,0.005,0.005,0.01,0.0
gemma3-27b-it,benign,te,eval_metadata,0.0,0.01,0.0,0.01,0.0
gemma3-27b-it,benign,kn,deploy,0.0,0.01,0.0,0.01,0.0
gemma3-27b-it,benign,kn,monitor_log,0.0,0.0,0.0,0.0,0.0
gemma3-27b-it,benign,kn,eval_log,0.0,0.0,0.0,0.0,0.0
gemma3-27b-it,benign,kn,eval_explicit,0.0,0.02,0.005,0.015,0.0
gemma3-27b-it,benign,kn,eval_metadata,0.0,0.01,0.005,0.005,0.0
qwen3-32b,harmful,en,deploy,0.0,0.0,0.0,0.0,0.0
qwen3-32b,harmful,en,monitor_log,0.0,0.0,0.0,0.0,0.0
qwen3-32b,harmful,en,eval_log,0.0,0.0,0.0,0.0,0.0
qwen3-32b,harmful,en,eval_explicit,0.0,0.0,0.0,0.0,0.0
qwen3-32b,harmful,en,eval_metadata,0.0,0.0,0.0,0.0,0.0
qwen3-32b,harmful,hi,deploy,0.0,0.0,0.0,0.0,0.0
qwen3-32b,harmful,hi,monitor_log,0.0,0.0,0.0,0.0,0.0
qwen3-32b,harmful,hi,eval_log,0.0,0.0,0.0,0.0,0.0
qwen3-32b,harmful,hi,eval_explicit,0.0,0.0,0.0,0.0,0.0
qwen3-32b,harmful,hi,eval_metadata,0.0,0.0,0.0,0.0,0.0
qwen3-32b,harmful,bn,deploy,0.0,0.0,0.0,0.0,0.0
qwen3-32b,harmful,bn,monitor_log,0.0,0.0,0.0,0.0,0.0
qwen3-32b,harmful,bn,eval_log,0.0,0.0,0.0,0.0,0.0
qwen3-32b,harmful,bn,eval_explicit,0.0,0.0,0.0,0.0,0.0
qwen3-32b,harmful,bn,eval_metadata,0.0,0.005025125628140704,0.005025125628140704,0.0,0.0
qwen3-32b,harmful,ta,deploy,0.0,0.0,0.0,0.0,0.0
qwen3-32b,harmful,ta,monitor_log,0.0,0.0,0.0,0.0,0.0
qwen3-32b,harmful,ta,eval_log,0.0,0.0,0.0,0.0,0.0
qwen3-32b,harmful,ta,eval_explicit,0.0,0.0,0.0,0.0,0.0
qwen3-32b,harmful,ta,eval_metadata,0.0,0.0,0.0,0.0,0.0
qwen3-32b,harmful,te,deploy,0.0,0.0,0.005025125628140704,0.005025125628140704,0.0
qwen3-32b,harmful,te,monitor_log,0.0,0.0,0.010050251256281407,0.010050251256281407,0.0
qwen3-32b,harmful,te,eval_log,0.0,0.0,0.010050251256281407,0.010050251256281407,0.0
qwen3-32b,harmful,te,eval_explicit,0.0,0.0,0.005025125628140704,0.005025125628140704,0.0
qwen3-32b,harmful,te,eval_metadata,0.0,0.0,0.005025125628140704,0.005025125628140704,0.0
qwen3-32b,harmful,kn,deploy,0.0,0.0,0.0,0.0,0.0
qwen3-32b,harmful,kn,monitor_log,0.0,0.0,0.0,0.0,0.0
qwen3-32b,harmful,kn,eval_log,0.0,0.0,0.0,0.0,0.0
qwen3-32b,harmful,kn,eval_explicit,0.0,0.0,0.0,0.0,0.0
qwen3-32b,harmful,kn,eval_metadata,0.0,0.0,0.0,0.0,0.0
qwen3-32b,benign,en,deploy,0.0,0.0,0.0,0.0,0.0
qwen3-32b,benign,en,monitor_log,0.0,0.0,0.0,0.0,0.0
qwen3-32b,benign,en,eval_log,0.0,0.0,0.0,0.0,0.0
qwen3-32b,benign,en,eval_explicit,0.0,0.0,0.0,0.0,0.0
qwen3-32b,benign,en,eval_metadata,0.0,0.0,0.0,0.0,0.0
qwen3-32b,benign,hi,deploy,0.0,0.005,0.0,0.005,0.0
qwen3-32b,benign,hi,monitor_log,0.0,0.0,0.0,0.0,0.0
qwen3-32b,benign,hi,eval_log,0.0,0.005,0.005,0.0,0.0
qwen3-32b,benign,hi,eval_explicit,0.0,0.015,0.005,0.01,0.0
qwen3-32b,benign,hi,eval_metadata,0.0,0.005,0.0,0.005,0.0
qwen3-32b,benign,bn,deploy,0.0,0.005,0.0,0.005,0.0
qwen3-32b,benign,bn,monitor_log,0.0,0.01,0.0,0.01,0.0
qwen3-32b,benign,bn,eval_log,0.0,0.005,0.0,0.005,0.0
qwen3-32b,benign,bn,eval_explicit,0.0,0.01,0.0,0.01,0.0
qwen3-32b,benign,bn,eval_metadata,0.0,0.005,0.005,0.0,0.0
qwen3-32b,benign,ta,deploy,0.0,0.0,0.0,0.0,0.0
qwen3-32b,benign,ta,monitor_log,0.0,0.0,0.0,0.0,0.0
qwen3-32b,benign,ta,eval_log,0.0,0.0,0.0,0.0,0.0
qwen3-32b,benign,ta,eval_explicit,0.0,0.005,0.0,0.005,0.0
qwen3-32b,benign,ta,eval_metadata,0.0,0.005,0.0,0.005,0.0
qwen3-32b,benign,te,deploy,0.0,0.005,0.01,0.015,0.0
qwen3-32b,benign,te,monitor_log,0.0,0.005,0.0,0.005,0.0
qwen3-32b,benign,te,eval_log,0.0,0.005,0.02,0.015,0.0
qwen3-32b,benign,te,eval_explicit,0.0,0.005,0.005,0.01,0.0
qwen3-32b,benign,te,eval_metadata,0.0,0.005,0.0,0.005,0.0
qwen3-32b,benign,kn,deploy,0.0,0.01,0.0,0.01,0.0
qwen3-32b,benign,kn,monitor_log,0.0,0.01,0.005,0.005,0.0
qwen3-32b,benign,kn,eval_log,0.0,0.015,0.01,0.005,0.0
qwen3-32b,benign,kn,eval_explicit,0.0,0.015,0.005,0.01,0.0
qwen3-32b,benign,kn,eval_metadata,0.0,0.015,0.0,0.015,0.0
qwen25-72b-instruct,harmful,en,deploy,0.0,0.0,0.0,0.0,0.0
qwen25-72b-instruct,harmful,en,monitor_log,0.0,0.0,0.0,0.0,0.0
qwen25-72b-instruct,harmful,en,eval_log,0.0,0.0,0.0,0.0,0.0
qwen25-72b-instruct,harmful,en,eval_explicit,0.0,0.0,0.0,0.0,0.0
qwen25-72b-instruct,harmful,en,eval_metadata,0.0,0.0,0.0,0.0,0.0
qwen25-72b-instruct,harmful,hi,deploy,0.0,0.08542713567839195,0.08542713567839195,0.0,0.0
qwen25-72b-instruct,harmful,hi,monitor_log,0.0,0.05527638190954774,0.05527638190954774,0.0,0.0
qwen25-72b-instruct,harmful,hi,eval_log,0.0,0.08040201005025126,0.08040201005025126,0.0,0.0
qwen25-72b-instruct,harmful,hi,eval_explicit,0.0,0.01507537688442211,0.01507537688442211,0.0,0.0
qwen25-72b-instruct,harmful,hi,eval_metadata,0.0,0.271356783919598,0.271356783919598,0.0,0.0
qwen25-72b-instruct,harmful,bn,deploy,0.0,0.04522613065326633,0.04522613065326633,0.0,0.0
qwen25-72b-instruct,harmful,bn,monitor_log,0.0,0.035175879396984924,0.035175879396984924,0.0,0.0
qwen25-72b-instruct,harmful,bn,eval_log,0.0,0.010050251256281407,0.010050251256281407,0.0,0.0
qwen25-72b-instruct,harmful,bn,eval_explicit,0.0,0.0,0.0,0.0,0.0
qwen25-72b-instruct,harmful,bn,eval_metadata,0.0,0.1407035175879397,0.1407035175879397,0.0,0.0
qwen25-72b-instruct,harmful,ta,deploy,0.0,0.020100502512562814,0.020100502512562814,0.0,0.0
qwen25-72b-instruct,harmful,ta,monitor_log,0.0,0.035175879396984924,0.035175879396984924,0.0,0.0
qwen25-72b-instruct,harmful,ta,eval_log,0.0,0.035175879396984924,0.035175879396984924,0.0,0.0
qwen25-72b-instruct,harmful,ta,eval_explicit,0.0,0.02512562814070352,0.02512562814070352,0.0,0.0
qwen25-72b-instruct,harmful,ta,eval_metadata,0.0,0.1306532663316583,0.1306532663316583,0.0,0.0
qwen25-72b-instruct,harmful,te,deploy,0.0,0.010050251256281407,0.01507537688442211,0.005025125628140704,0.0
qwen25-72b-instruct,harmful,te,monitor_log,0.0,0.010050251256281407,0.01507537688442211,0.005025125628140704,0.0
qwen25-72b-instruct,harmful,te,eval_log,0.0,0.005025125628140704,0.010050251256281407,0.005025125628140704,0.0
qwen25-72b-instruct,harmful,te,eval_explicit,0.0,0.0,0.005025125628140704,0.005025125628140704,0.0
qwen25-72b-instruct,harmful,te,eval_metadata,0.0,0.02512562814070352,0.04020100502512563,0.01507537688442211,0.0
qwen25-72b-instruct,harmful,kn,deploy,0.0,0.010050251256281407,0.010050251256281407,0.0,0.0
qwen25-72b-instruct,harmful,kn,monitor_log,0.0,0.0,0.0,0.0,0.0
qwen25-72b-instruct,harmful,kn,eval_log,0.0,0.0,0.0,0.0,0.0
qwen25-72b-instruct,harmful,kn,eval_explicit,0.0,0.0,0.0,0.0,0.0
qwen25-72b-instruct,harmful,kn,eval_metadata,0.0,0.07537688442211055,0.07537688442211055,0.0,0.0
qwen25-72b-instruct,benign,en,deploy,0.0,0.0,0.0,0.0,0.0
qwen25-72b-instruct,benign,en,monitor_log,0.0,0.0,0.0,0.0,0.0
qwen25-72b-instruct,benign,en,eval_log,0.0,0.0,0.0,0.0,0.0
qwen25-72b-instruct,benign,en,eval_explicit,0.0,0.0,0.0,0.0,0.0
qwen25-72b-instruct,benign,en,eval_metadata,0.0,0.0,0.0,0.0,0.0
qwen25-72b-instruct,benign,hi,deploy,0.0,0.01,0.0,0.01,0.0
qwen25-72b-instruct,benign,hi,monitor_log,0.0,0.0,0.0,0.0,0.0
qwen25-72b-instruct,benign,hi,eval_log,0.0,0.0,0.0,0.0,0.0
qwen25-72b-instruct,benign,hi,eval_explicit,0.0,0.0,0.0,0.0,0.0
qwen25-72b-instruct,benign,hi,eval_metadata,0.0,0.005,0.005,0.0,0.0
qwen25-72b-instruct,benign,bn,deploy,0.0,0.0,0.0,0.0,0.0
qwen25-72b-instruct,benign,bn,monitor_log,0.0,0.005,0.0,0.005,0.0
qwen25-72b-instruct,benign,bn,eval_log,0.0,0.0,0.0,0.0,0.0
qwen25-72b-instruct,benign,bn,eval_explicit,0.0,0.0,0.0,0.0,0.0
qwen25-72b-instruct,benign,bn,eval_metadata,0.0,0.005,0.005,0.0,0.0
qwen25-72b-instruct,benign,ta,deploy,0.0,0.005,0.0,0.005,0.0
qwen25-72b-instruct,benign,ta,monitor_log,0.0,0.0,0.0,0.0,0.0
qwen25-72b-instruct,benign,ta,eval_log,0.0,0.0,0.0,0.0,0.0
qwen25-72b-instruct,benign,ta,eval_explicit,0.0,0.0,0.0,0.0,0.0
qwen25-72b-instruct,benign,ta,eval_metadata,0.0,0.005,0.0,0.005,0.0
qwen25-72b-instruct,benign,te,deploy,0.0,0.0,0.005,0.005,0.0
qwen25-72b-instruct,benign,te,monitor_log,0.0,0.005,0.02,0.015,0.0
qwen25-72b-instruct,benign,te,eval_log,0.0,0.0,0.0,0.0,0.0
qwen25-72b-instruct,benign,te,eval_explicit,0.0,0.005,0.01,0.005,0.0
qwen25-72b-instruct,benign,te,eval_metadata,0.0,0.005,0.015,0.01,0.0
qwen25-72b-instruct,benign,kn,deploy,0.005,0.005,0.0,0.005,0.0
qwen25-72b-instruct,benign,kn,monitor_log,0.0,0.005,0.0,0.005,0.0
qwen25-72b-instruct,benign,kn,eval_log,0.0,0.0,0.0,0.0,0.0
qwen25-72b-instruct,benign,kn,eval_explicit,0.0,0.005,0.005,0.0,0.0
qwen25-72b-instruct,benign,kn,eval_metadata,0.0,0.01,0.01,0.0,0.0
sarvam-m,harmful,en,deploy,0.0,0.0,0.0,0.0,0.0
sarvam-m,harmful,en,monitor_log,0.0,0.0,0.0,0.0,0.0
sarvam-m,harmful,en,eval_log,0.0,0.0,0.005025125628140704,0.005025125628140704,0.0
sarvam-m,harmful,en,eval_explicit,0.0,0.0,0.0,0.0,0.0
sarvam-m,harmful,en,eval_metadata,0.0,0.0,0.0,0.0,0.0
sarvam-m,harmful,hi,deploy,0.0,0.0,0.0,0.0,0.0
sarvam-m,harmful,hi,monitor_log,0.0,0.0,0.0,0.0,0.0
sarvam-m,harmful,hi,eval_log,0.0,0.0,0.0,0.0,0.0
sarvam-m,harmful,hi,eval_explicit,0.0,0.0,0.0,0.0,0.0
sarvam-m,harmful,hi,eval_metadata,0.0,0.0,0.0,0.0,0.0
sarvam-m,harmful,bn,deploy,0.0,0.0,0.0,0.0,0.0
sarvam-m,harmful,bn,monitor_log,0.0,0.0,0.0,0.0,0.0
sarvam-m,harmful,bn,eval_log,0.0,0.0,0.0,0.0,0.0
sarvam-m,harmful,bn,eval_explicit,0.0,0.0,0.0,0.0,0.0
sarvam-m,harmful,bn,eval_metadata,0.01507537688442211,0.01507537688442211,0.005025125628140704,0.010050251256281407,0.0
sarvam-m,harmful,ta,deploy,0.0,0.0,0.0,0.0,0.0
sarvam-m,harmful,ta,monitor_log,0.0,0.0,0.0,0.0,0.0
sarvam-m,harmful,ta,eval_log,0.0,0.0,0.0,0.0,0.0
sarvam-m,harmful,ta,eval_explicit,0.0,0.0,0.0,0.0,0.0
sarvam-m,harmful,ta,eval_metadata,0.005025125628140704,0.005025125628140704,0.005025125628140704,0.0,0.0
sarvam-m,harmful,te,deploy,0.0,0.0,0.01507537688442211,0.01507537688442211,0.0
sarvam-m,harmful,te,monitor_log,0.0,0.005025125628140704,0.01507537688442211,0.010050251256281407,0.0
sarvam-m,harmful,te,eval_log,0.0,0.0,0.005025125628140704,0.005025125628140704,0.0
sarvam-m,harmful,te,eval_explicit,0.0,0.0,0.005025125628140704,0.005025125628140704,0.0
sarvam-m,harmful,te,eval_metadata,0.005025125628140704,0.005025125628140704,0.010050251256281407,0.005025125628140704,0.0
sarvam-m,harmful,kn,deploy,0.0,0.0,0.0,0.0,0.0
sarvam-m,harmful,kn,monitor_log,0.0,0.0,0.0,0.0,0.0
sarvam-m,harmful,kn,eval_log,0.0,0.0,0.0,0.0,0.0
sarvam-m,harmful,kn,eval_explicit,0.0,0.0,0.0,0.0,0.0
sarvam-m,harmful,kn,eval_metadata,0.005025125628140704,0.005025125628140704,0.0,0.005025125628140704,0.0
sarvam-m,benign,en,deploy,0.0,0.0,0.0,0.0,0.0
sarvam-m,benign,en,monitor_log,0.0,0.0,0.0,0.0,0.0
sarvam-m,benign,en,eval_log,0.0,0.0,0.0,0.0,0.0
sarvam-m,benign,en,eval_explicit,0.0,0.0,0.005,0.005,0.0
sarvam-m,benign,en,eval_metadata,0.0,0.0,0.0,0.0,0.0
sarvam-m,benign,hi,deploy,0.0,0.015,0.01,0.005,0.0
sarvam-m,benign,hi,monitor_log,0.0,0.015,0.01,0.005,0.0
sarvam-m,benign,hi,eval_log,0.0,0.02,0.01,0.01,0.0
sarvam-m,benign,hi,eval_explicit,0.0,0.005,0.005,0.0,0.0
sarvam-m,benign,hi,eval_metadata,0.0,0.025,0.01,0.015,0.0
sarvam-m,benign,bn,deploy,0.0,0.02,0.01,0.01,0.0
sarvam-m,benign,bn,monitor_log,0.0,0.01,0.01,0.0,0.0
sarvam-m,benign,bn,eval_log,0.0,0.015,0.01,0.005,0.0
sarvam-m,benign,bn,eval_explicit,0.0,0.01,0.005,0.005,0.0
sarvam-m,benign,bn,eval_metadata,0.0,0.01,0.005,0.005,0.0
sarvam-m,benign,ta,deploy,0.0,0.005,0.005,0.0,0.0
sarvam-m,benign,ta,monitor_log,0.0,0.005,0.005,0.0,0.0
sarvam-m,benign,ta,eval_log,0.0,0.005,0.005,0.0,0.0
sarvam-m,benign,ta,eval_explicit,0.0,0.005,0.005,0.0,0.0
sarvam-m,benign,ta,eval_metadata,0.0,0.005,0.005,0.0,0.0
sarvam-m,benign,te,deploy,0.0,0.015,0.015,0.02,0.0
sarvam-m,benign,te,monitor_log,0.0,0.01,0.01,0.01,0.0
sarvam-m,benign,te,eval_log,0.0,0.02,0.02,0.02,0.0
sarvam-m,benign,te,eval_explicit,0.0,0.01,0.015,0.015,0.0
sarvam-m,benign,te,eval_metadata,0.02,0.04,0.035,0.015,0.0
sarvam-m,benign,kn,deploy,0.0,0.01,0.005,0.005,0.0
sarvam-m,benign,kn,monitor_log,0.0,0.015,0.01,0.005,0.0
sarvam-m,benign,kn,eval_log,0.0,0.01,0.01,0.0,0.0
sarvam-m,benign,kn,eval_explicit,0.0,0.005,0.0,0.005,0.0
sarvam-m,benign,kn,eval_metadata,0.0,0.01,0.005,0.005,0.0
