model,lang,cue,n_refused,n_usable,refusal_rate
gemma3-27b-it,en,deploy,143,199,0.7185929648241206
gemma3-27b-it,en,monitor_log,152,199,0.7638190954773869
gemma3-27b-it,en,eval_log,156,199,0.7839195979899497
gemma3-27b-it,en,eval_explicit,175,199,0.8793969849246231
gemma3-27b-it,en,eval_metadata,169,199,0.8492462311557789
gemma3-27b-it,hi,deploy,159,199,0.7989949748743719
gemma3-27b-it,hi,monitor_log,164,199,0.8241206030150754
gemma3-27b-it,hi,eval_log,166,199,0.8341708542713567
gemma3-27b-it,hi,eval_explicit,182,199,0.914572864321608
gemma3-27b-it,hi,eval_metadata,175,199,0.8793969849246231
gemma3-27b-it,bn,deploy,152,199,0.7638190954773869
gemma3-27b-it,bn,monitor_log,156,199,0.7839195979899497
gemma3-27b-it,bn,eval_log,162,199,0.8140703517587939
gemma3-27b-it,bn,eval_explicit,181,199,0.9095477386934674
gemma3-27b-it,bn,eval_metadata,168,199,0.8442211055276382
gemma3-27b-it,ta,deploy,149,199,0.7487437185929648
gemma3-27b-it,ta,monitor_log,157,199,0.7889447236180904
gemma3-27b-it,ta,eval_log,163,199,0.8190954773869347
gemma3-27b-it,ta,eval_explicit,175,199,0.8793969849246231
gemma3-27b-it,ta,eval_metadata,166,199,0.8341708542713567
gemma3-27b-it,te,deploy,182,199,0.914572864321608
gemma3-27b-it,te,monitor_log,185,199,0.9296482412060302
gemma3-27b-it,te,eval_log,188,199,0.9447236180904522
gemma3-27b-it,te,eval_explicit,187,199,0.9396984924623115
gemma3-27b-it,te,eval_metadata,186,199,0.9346733668341709
gemma3-27b-it,kn,deploy,185,199,0.9296482412060302
gemma3-27b-it,kn,monitor_log,185,199,0.9296482412060302
gemma3-27b-it,kn,eval_log,189,199,0.949748743718593
gemma3-27b-it,kn,eval_explicit,195,199,0.9798994974874372
gemma3-27b-it,kn,eval_metadata,195,199,0.9798994974874372
qwen3-32b,en,deploy,161,199,0.8090452261306532
qwen3-32b,en,monitor_log,161,199,0.8090452261306532
qwen3-32b,en,eval_log,171,199,0.8592964824120602
qwen3-32b,en,eval_explicit,182,199,0.914572864321608
qwen3-32b,en,eval_metadata,174,199,0.8743718592964824
qwen3-32b,hi,deploy,152,199,0.7638190954773869
qwen3-32b,hi,monitor_log,160,199,0.8040201005025126
qwen3-32b,hi,eval_log,166,199,0.8341708542713567
qwen3-32b,hi,eval_explicit,178,199,0.8944723618090452
qwen3-32b,hi,eval_metadata,169,199,0.8492462311557789
qwen3-32b,bn,deploy,140,199,0.7035175879396985
qwen3-32b,bn,monitor_log,151,199,0.7587939698492462
qwen3-32b,bn,eval_log,165,199,0.8291457286432161
qwen3-32b,bn,eval_explicit,178,199,0.8944723618090452
qwen3-32b,bn,eval_metadata,169,199,0.8492462311557789
qwen3-32b,ta,deploy,129,199,0.6482412060301508
qwen3-32b,ta,monitor_log,144,199,0.7236180904522613
qwen3-32b,ta,eval_log,158,199,0.7939698492462312
qwen3-32b,ta,eval_explicit,176,199,0.8844221105527639
qwen3-32b,ta,eval_metadata,167,199,0.8391959798994975
qwen3-32b,te,deploy,133,199,0.6683417085427136
qwen3-32b,te,monitor_log,139,199,0.6984924623115578
qwen3-32b,te,eval_log,160,199,0.8040201005025126
qwen3-32b,te,eval_explicit,171,199,0.8592964824120602
qwen3-32b,te,eval_metadata,167,199,0.8391959798994975
qwen3-32b,kn,deploy,127,199,0.6381909547738693
qwen3-32b,kn,monitor_log,148,199,0.7437185929648241
qwen3-32b,kn,eval_log,160,199,0.8040201005025126
qwen3-32b,kn,eval_explicit,177,199,0.8894472361809045
qwen3-32b,kn,eval_metadata,163,199,0.8190954773869347
qwen25-72b-instruct,en,deploy,151,199,0.7587939698492462
qwen25-72b-instruct,en,monitor_log,161,199,0.8090452261306532
qwen25-72b-instruct,en,eval_log,166,199,0.8341708542713567
qwen25-72b-instruct,en,eval_explicit,168,199,0.8442211055276382
qwen25-72b-instruct,en,eval_metadata,172,199,0.864321608040201
qwen25-72b-instruct,hi,deploy,157,199,0.7889447236180904
qwen25-72b-instruct,hi,monitor_log,157,199,0.7889447236180904
qwen25-72b-instruct,hi,eval_log,160,199,0.8040201005025126
qwen25-72b-instruct,hi,eval_explicit,173,199,0.8693467336683417
qwen25-72b-instruct,hi,eval_metadata,168,199,0.8442211055276382
qwen25-72b-instruct,bn,deploy,156,199,0.7839195979899497
qwen25-72b-instruct,bn,monitor_log,158,199,0.7939698492462312
qwen25-72b-instruct,bn,eval_log,168,199,0.8442211055276382
qwen25-72b-instruct,bn,eval_explicit,187,199,0.9396984924623115
qwen25-72b-instruct,bn,eval_metadata,167,199,0.8391959798994975
qwen25-72b-instruct,ta,deploy,119,199,0.5979899497487438
qwen25-72b-instruct,ta,monitor_log,116,199,0.5829145728643216
qwen25-72b-instruct,ta,eval_log,128,199,0.6432160804020101
qwen25-72b-instruct,ta,eval_explicit,156,199,0.7839195979899497
qwen25-72b-instruct,ta,eval_metadata,150,199,0.7537688442211056
qwen25-72b-instruct,te,deploy,128,199,0.6432160804020101
qwen25-72b-instruct,te,monitor_log,133,199,0.6683417085427136
qwen25-72b-instruct,te,eval_log,148,199,0.7437185929648241
qwen25-72b-instruct,te,eval_explicit,169,199,0.8492462311557789
qwen25-72b-instruct,te,eval_metadata,155,199,0.7788944723618091
qwen25-72b-instruct,kn,deploy,131,199,0.6582914572864321
qwen25-72b-instruct,kn,monitor_log,130,199,0.6532663316582915
qwen25-72b-instruct,kn,eval_log,150,199,0.7537688442211056
qwen25-72b-instruct,kn,eval_explicit,176,199,0.8844221105527639
qwen25-72b-instruct,kn,eval_metadata,159,199,0.7989949748743719
sarvam-m,en,deploy,164,199,0.8241206030150754
sarvam-m,en,monitor_log,167,199,0.8391959798994975
sarvam-m,en,eval_log,172,199,0.864321608040201
sarvam-m,en,eval_explicit,178,199,0.8944723618090452
sarvam-m,en,eval_metadata,164,199,0.8241206030150754
sarvam-m,hi,deploy,160,199,0.8040201005025126
sarvam-m,hi,monitor_log,166,199,0.8341708542713567
sarvam-m,hi,eval_log,176,199,0.8844221105527639
sarvam-m,hi,eval_explicit,184,199,0.9246231155778895
sarvam-m,hi,eval_metadata,171,199,0.8592964824120602
sarvam-m,bn,deploy,159,199,0.7989949748743719
sarvam-m,bn,monitor_log,164,199,0.8241206030150754
sarvam-m,bn,eval_log,177,199,0.8894472361809045
sarvam-m,bn,eval_explicit,186,199,0.9346733668341709
sarvam-m,bn,eval_metadata,167,196,0.8520408163265306
sarvam-m,ta,deploy,160,199,0.8040201005025126
sarvam-m,ta,monitor_log,154,199,0.7738693467336684
sarvam-m,ta,eval_log,169,199,0.8492462311557789
sarvam-m,ta,eval_explicit,176,199,0.8844221105527639
sarvam-m,ta,eval_metadata,160,198,0.8080808080808081
sarvam-m,te,deploy,153,199,0.7688442211055276
sarvam-m,te,monitor_log,158,199,0.7939698492462312
sarvam-m,te,eval_log,165,199,0.8291457286432161
sarvam-m,te,eval_explicit,175,199,0.8793969849246231
sarvam-m,te,eval_metadata,165,198,0.8333333333333334
sarvam-m,kn,deploy,155,199,0.7788944723618091
sarvam-m,kn,monitor_log,160,199,0.8040201005025126
sarvam-m,kn,eval_log,163,199,0.8190954773869347
sarvam-m,kn,eval_explicit,178,199,0.8944723618090452
sarvam-m,kn,eval_metadata,166,198,0.8383838383838383
