contrast,lang,layer,auroc,n_pos,n_neg
eval_framing,en,0,0.9644999999999999,100,100
eval_framing,en,1,0.9764999999999999,100,100
eval_framing,en,2,0.9780000000000001,100,100
eval_framing,en,3,0.9964999999999999,100,100
eval_framing,en,4,0.9995,100,100
eval_framing,en,5,0.9995,100,100
eval_framing,en,6,1.0,100,100
eval_framing,en,7,0.999,100,100
eval_framing,en,8,1.0,100,100
eval_framing,en,9,1.0,100,100
eval_framing,en,10,1.0,100,100
eval_framing,en,11,1.0,100,100
eval_framing,en,12,0.9995,100,100
eval_framing,en,13,0.998,100,100
eval_framing,en,14,0.999,100,100
eval_framing,en,15,0.9974999999999999,100,100
eval_framing,en,16,0.9984999999999999,100,100
eval_framing,en,17,0.9995,100,100
eval_framing,en,18,0.9995,100,100
eval_framing,en,19,0.9970000000000001,100,100
eval_framing,en,20,0.9960000000000001,100,100
eval_framing,en,21,0.9955,100,100
eval_framing,en,22,0.9970000000000001,100,100
eval_framing,en,23,0.994,100,100
eval_framing,en,24,0.9945,100,100
eval_framing,en,25,0.9955,100,100
eval_framing,en,26,0.9899999999999999,100,100
eval_framing,en,27,0.991,100,100
eval_framing,en,28,0.9884999999999999,100,100
eval_framing,en,29,0.9925,100,100
eval_framing,en,30,0.9884999999999999,100,100
eval_framing,en,31,0.9869999999999999,100,100
eval_framing,en,32,0.986,100,100
eval_framing,en,33,0.9810000000000001,100,100
eval_framing,en,34,0.9784999999999998,100,100
eval_framing,en,35,0.9834999999999999,100,100
eval_framing,en,36,0.9869999999999999,100,100
eval_framing,en,37,0.9834999999999999,100,100
eval_framing,en,38,0.9854999999999998,100,100
eval_framing,en,39,0.9794999999999998,100,100
eval_framing,hi,0,0.9365,100,100
eval_framing,hi,1,0.993,100,100
eval_framing,hi,2,0.998,100,100
eval_framing,hi,3,1.0,100,100
eval_framing,hi,4,1.0,100,100
eval_framing,hi,5,1.0,100,100
eval_framing,hi,6,1.0,100,100
eval_framing,hi,7,1.0,100,100
eval_framing,hi,8,1.0,100,100
eval_framing,hi,9,1.0,100,100
eval_framing,hi,10,1.0,100,100
eval_framing,hi,11,1.0,100,100
eval_framing,hi,12,1.0,100,100
eval_framing,hi,13,1.0,100,100
eval_framing,hi,14,1.0,100,100
eval_framing,hi,15,1.0,100,100
eval_framing,hi,16,1.0,100,100
eval_framing,hi,17,1.0,100,100
eval_framing,hi,18,1.0,100,100
eval_framing,hi,19,1.0,100,100
eval_framing,hi,20,1.0,100,100
eval_framing,hi,21,0.9994999999999999,100,100
eval_framing,hi,22,0.9995,100,100
eval_framing,hi,23,1.0,100,100
eval_framing,hi,24,0.9969999999999999,100,100
eval_framing,hi,25,0.9964999999999999,100,100
eval_framing,hi,26,0.9949999999999999,100,100
eval_framing,hi,27,0.9970000000000001,100,100
eval_framing,hi,28,0.9970000000000001,100,100
eval_framing,hi,29,0.9974999999999999,100,100
eval_framing,hi,30,0.9970000000000001,100,100
eval_framing,hi,31,0.9974999999999999,100,100
eval_framing,hi,32,0.9964999999999999,100,100
eval_framing,hi,33,0.9960000000000001,100,100
eval_framing,hi,34,0.9949999999999999,100,100
eval_framing,hi,35,0.9984999999999999,100,100
eval_framing,hi,36,0.998,100,100
eval_framing,hi,37,0.9984999999999999,100,100
eval_framing,hi,38,0.9974999999999999,100,100
eval_framing,hi,39,0.9984999999999999,100,100
eval_framing,bn,0,0.974,100,100
eval_framing,bn,1,0.9795,100,100
eval_framing,bn,2,0.986,100,100
eval_framing,bn,3,0.9934999999999998,100,100
eval_framing,bn,4,0.9964999999999999,100,100
eval_framing,bn,5,0.9995,100,100
eval_framing,bn,6,1.0,100,100
eval_framing,bn,7,0.9995,100,100
eval_framing,bn,8,0.999,100,100
eval_framing,bn,9,1.0,100,100
eval_framing,bn,10,1.0,100,100
eval_framing,bn,11,1.0,100,100
eval_framing,bn,12,1.0,100,100
eval_framing,bn,13,1.0,100,100
eval_framing,bn,14,1.0,100,100
eval_framing,bn,15,1.0,100,100
eval_framing,bn,16,0.9995,100,100
eval_framing,bn,17,1.0,100,100
eval_framing,bn,18,1.0,100,100
eval_framing,bn,19,1.0,100,100
eval_framing,bn,20,1.0,100,100
eval_framing,bn,21,1.0,100,100
eval_framing,bn,22,1.0,100,100
eval_framing,bn,23,1.0,100,100
eval_framing,bn,24,1.0,100,100
eval_framing,bn,25,1.0,100,100
eval_framing,bn,26,1.0,100,100
eval_framing,bn,27,0.9994999999999999,100,100
eval_framing,bn,28,0.9994999999999999,100,100
eval_framing,bn,29,0.9994999999999999,100,100
eval_framing,bn,30,0.9994999999999999,100,100
eval_framing,bn,31,0.998,100,100
eval_framing,bn,32,0.9974999999999999,100,100
eval_framing,bn,33,0.9974999999999999,100,100
eval_framing,bn,34,0.9974999999999999,100,100
eval_framing,bn,35,0.9994999999999999,100,100
eval_framing,bn,36,0.9994999999999999,100,100
eval_framing,bn,37,0.9994999999999999,100,100
eval_framing,bn,38,1.0,100,100
eval_framing,bn,39,1.0,100,100
eval_framing,ta,0,0.9460000000000001,100,100
eval_framing,ta,1,0.9795,100,100
eval_framing,ta,2,0.9844999999999999,100,100
eval_framing,ta,3,0.994,100,100
eval_framing,ta,4,0.993,100,100
eval_framing,ta,5,0.998,100,100
eval_framing,ta,6,0.9984999999999999,100,100
eval_framing,ta,7,0.999,100,100
eval_framing,ta,8,0.9995,100,100
eval_framing,ta,9,1.0,100,100
eval_framing,ta,10,1.0,100,100
eval_framing,ta,11,1.0,100,100
eval_framing,ta,12,1.0,100,100
eval_framing,ta,13,1.0,100,100
eval_framing,ta,14,1.0,100,100
eval_framing,ta,15,1.0,100,100
eval_framing,ta,16,1.0,100,100
eval_framing,ta,17,1.0,100,100
eval_framing,ta,18,1.0,100,100
eval_framing,ta,19,1.0,100,100
eval_framing,ta,20,1.0,100,100
eval_framing,ta,21,1.0,100,100
eval_framing,ta,22,0.9995,100,100
eval_framing,ta,23,1.0,100,100
eval_framing,ta,24,0.9995,100,100
eval_framing,ta,25,0.999,100,100
eval_framing,ta,26,0.9964999999999999,100,100
eval_framing,ta,27,0.998,100,100
eval_framing,ta,28,0.9984999999999999,100,100
eval_framing,ta,29,0.9974999999999999,100,100
eval_framing,ta,30,0.999,100,100
eval_framing,ta,31,0.9964999999999999,100,100
eval_framing,ta,32,0.9984999999999999,100,100
eval_framing,ta,33,0.9974999999999999,100,100
eval_framing,ta,34,0.999,100,100
eval_framing,ta,35,0.9995,100,100
eval_framing,ta,36,0.9995,100,100
eval_framing,ta,37,0.9995,100,100
eval_framing,ta,38,0.9995,100,100
eval_framing,ta,39,0.9995,100,100
eval_framing,te,0,0.9645000000000001,100,100
eval_framing,te,1,0.9879999999999999,100,100
eval_framing,te,2,0.9960000000000001,100,100
eval_framing,te,3,1.0,100,100
eval_framing,te,4,1.0,100,100
eval_framing,te,5,0.999,100,100
eval_framing,te,6,1.0,100,100
eval_framing,te,7,1.0,100,100
eval_framing,te,8,1.0,100,100
eval_framing,te,9,1.0,100,100
eval_framing,te,10,1.0,100,100
eval_framing,te,11,1.0,100,100
eval_framing,te,12,1.0,100,100
eval_framing,te,13,1.0,100,100
eval_framing,te,14,1.0,100,100
eval_framing,te,15,1.0,100,100
eval_framing,te,16,1.0,100,100
eval_framing,te,17,1.0,100,100
eval_framing,te,18,1.0,100,100
eval_framing,te,19,1.0,100,100
eval_framing,te,20,1.0,100,100
eval_framing,te,21,0.9995,100,100
eval_framing,te,22,0.9995,100,100
eval_framing,te,23,0.9974999999999999,100,100
eval_framing,te,24,0.9995,100,100
eval_framing,te,25,0.999,100,100
eval_framing,te,26,0.999,100,100
eval_framing,te,27,0.998,100,100
eval_framing,te,28,0.9970000000000001,100,100
eval_framing,te,29,0.9959999999999999,100,100
eval_framing,te,30,0.9955,100,100
eval_framing,te,31,0.9945,100,100
eval_framing,te,32,0.9964999999999999,100,100
eval_framing,te,33,0.9959999999999999,100,100
eval_framing,te,34,0.993,100,100
eval_framing,te,35,0.9925,100,100
eval_framing,te,36,0.993,100,100
eval_framing,te,37,0.9940000000000001,100,100
eval_framing,te,38,0.9934999999999998,100,100
eval_framing,te,39,0.9960000000000001,100,100
eval_framing,or,0,0.7300000000000001,100,100
eval_framing,or,1,0.961,100,100
eval_framing,or,2,0.9775,100,100
eval_framing,or,3,0.9955,100,100
eval_framing,or,4,0.999,100,100
eval_framing,or,5,1.0,100,100
eval_framing,or,6,1.0,100,100
eval_framing,or,7,1.0,100,100
eval_framing,or,8,1.0,100,100
eval_framing,or,9,1.0,100,100
eval_framing,or,10,1.0,100,100
eval_framing,or,11,1.0,100,100
eval_framing,or,12,1.0,100,100
eval_framing,or,13,1.0,100,100
eval_framing,or,14,1.0,100,100
eval_framing,or,15,1.0,100,100
eval_framing,or,16,1.0,100,100
eval_framing,or,17,1.0,100,100
eval_framing,or,18,1.0,100,100
eval_framing,or,19,1.0,100,100
eval_framing,or,20,1.0,100,100
eval_framing,or,21,1.0,100,100
eval_framing,or,22,1.0,100,100
eval_framing,or,23,1.0,100,100
eval_framing,or,24,0.9995,100,100
eval_framing,or,25,0.9995,100,100
eval_framing,or,26,1.0,100,100
eval_framing,or,27,1.0,100,100
eval_framing,or,28,0.9994999999999999,100,100
eval_framing,or,29,0.9994999999999999,100,100
eval_framing,or,30,0.9984999999999999,100,100
eval_framing,or,31,0.9984999999999999,100,100
eval_framing,or,32,0.9984999999999999,100,100
eval_framing,or,33,0.9984999999999999,100,100
eval_framing,or,34,0.998,100,100
eval_framing,or,35,0.9974999999999999,100,100
eval_framing,or,36,0.9984999999999999,100,100
eval_framing,or,37,0.9984999999999999,100,100
eval_framing,or,38,0.9984999999999999,100,100
eval_framing,or,39,0.9984999999999999,100,100
cue_presence,en,0,0.9984999999999999,100,100
cue_presence,en,1,1.0,100,100
cue_presence,en,2,1.0,100,100
cue_presence,en,3,1.0,100,100
cue_presence,en,4,1.0,100,100
cue_presence,en,5,1.0,100,100
cue_presence,en,6,1.0,100,100
cue_presence,en,7,1.0,100,100
cue_presence,en,8,1.0,100,100
cue_presence,en,9,1.0,100,100
cue_presence,en,10,1.0,100,100
cue_presence,en,11,1.0,100,100
cue_presence,en,12,1.0,100,100
cue_presence,en,13,1.0,100,100
cue_presence,en,14,1.0,100,100
cue_presence,en,15,1.0,100,100
cue_presence,en,16,1.0,100,100
cue_presence,en,17,1.0,100,100
cue_presence,en,18,1.0,100,100
cue_presence,en,19,1.0,100,100
cue_presence,en,20,1.0,100,100
cue_presence,en,21,1.0,100,100
cue_presence,en,22,1.0,100,100
cue_presence,en,23,1.0,100,100
cue_presence,en,24,1.0,100,100
cue_presence,en,25,1.0,100,100
cue_presence,en,26,1.0,100,100
cue_presence,en,27,1.0,100,100
cue_presence,en,28,1.0,100,100
cue_presence,en,29,1.0,100,100
cue_presence,en,30,0.9995,100,100
cue_presence,en,31,1.0,100,100
cue_presence,en,32,1.0,100,100
cue_presence,en,33,1.0,100,100
cue_presence,en,34,1.0,100,100
cue_presence,en,35,1.0,100,100
cue_presence,en,36,1.0,100,100
cue_presence,en,37,1.0,100,100
cue_presence,en,38,1.0,100,100
cue_presence,en,39,0.9995,100,100
cue_presence,hi,0,0.9724999999999999,100,100
cue_presence,hi,1,0.9974999999999999,100,100
cue_presence,hi,2,1.0,100,100
cue_presence,hi,3,1.0,100,100
cue_presence,hi,4,1.0,100,100
cue_presence,hi,5,1.0,100,100
cue_presence,hi,6,1.0,100,100
cue_presence,hi,7,1.0,100,100
cue_presence,hi,8,1.0,100,100
cue_presence,hi,9,1.0,100,100
cue_presence,hi,10,1.0,100,100
cue_presence,hi,11,1.0,100,100
cue_presence,hi,12,1.0,100,100
cue_presence,hi,13,1.0,100,100
cue_presence,hi,14,1.0,100,100
cue_presence,hi,15,1.0,100,100
cue_presence,hi,16,1.0,100,100
cue_presence,hi,17,1.0,100,100
cue_presence,hi,18,1.0,100,100
cue_presence,hi,19,1.0,100,100
cue_presence,hi,20,1.0,100,100
cue_presence,hi,21,1.0,100,100
cue_presence,hi,22,1.0,100,100
cue_presence,hi,23,1.0,100,100
cue_presence,hi,24,1.0,100,100
cue_presence,hi,25,1.0,100,100
cue_presence,hi,26,1.0,100,100
cue_presence,hi,27,1.0,100,100
cue_presence,hi,28,1.0,100,100
cue_presence,hi,29,1.0,100,100
cue_presence,hi,30,1.0,100,100
cue_presence,hi,31,1.0,100,100
cue_presence,hi,32,1.0,100,100
cue_presence,hi,33,1.0,100,100
cue_presence,hi,34,1.0,100,100
cue_presence,hi,35,1.0,100,100
cue_presence,hi,36,1.0,100,100
cue_presence,hi,37,1.0,100,100
cue_presence,hi,38,1.0,100,100
cue_presence,hi,39,1.0,100,100
cue_presence,bn,0,0.9785,100,100
cue_presence,bn,1,0.9870000000000001,100,100
cue_presence,bn,2,0.9964999999999999,100,100
cue_presence,bn,3,0.9955,100,100
cue_presence,bn,4,0.9984999999999999,100,100
cue_presence,bn,5,1.0,100,100
cue_presence,bn,6,1.0,100,100
cue_presence,bn,7,1.0,100,100
cue_presence,bn,8,1.0,100,100
cue_presence,bn,9,1.0,100,100
cue_presence,bn,10,1.0,100,100
cue_presence,bn,11,1.0,100,100
cue_presence,bn,12,1.0,100,100
cue_presence,bn,13,1.0,100,100
cue_presence,bn,14,1.0,100,100
cue_presence,bn,15,1.0,100,100
cue_presence,bn,16,1.0,100,100
cue_presence,bn,17,1.0,100,100
cue_presence,bn,18,1.0,100,100
cue_presence,bn,19,1.0,100,100
cue_presence,bn,20,1.0,100,100
cue_presence,bn,21,1.0,100,100
cue_presence,bn,22,1.0,100,100
cue_presence,bn,23,1.0,100,100
cue_presence,bn,24,1.0,100,100
cue_presence,bn,25,1.0,100,100
cue_presence,bn,26,1.0,100,100
cue_presence,bn,27,1.0,100,100
cue_presence,bn,28,1.0,100,100
cue_presence,bn,29,1.0,100,100
cue_presence,bn,30,1.0,100,100
cue_presence,bn,31,1.0,100,100
cue_presence,bn,32,1.0,100,100
cue_presence,bn,33,1.0,100,100
cue_presence,bn,34,1.0,100,100
cue_presence,bn,35,1.0,100,100
cue_presence,bn,36,1.0,100,100
cue_presence,bn,37,1.0,100,100
cue_presence,bn,38,1.0,100,100
cue_presence,bn,39,1.0,100,100
cue_presence,ta,0,0.9730000000000001,100,100
cue_presence,ta,1,0.9894999999999999,100,100
cue_presence,ta,2,0.9969999999999999,100,100
cue_presence,ta,3,1.0,100,100
cue_presence,ta,4,1.0,100,100
cue_presence,ta,5,1.0,100,100
cue_presence,ta,6,1.0,100,100
cue_presence,ta,7,1.0,100,100
cue_presence,ta,8,1.0,100,100
cue_presence,ta,9,1.0,100,100
cue_presence,ta,10,1.0,100,100
cue_presence,ta,11,1.0,100,100
cue_presence,ta,12,1.0,100,100
cue_presence,ta,13,1.0,100,100
cue_presence,ta,14,1.0,100,100
cue_presence,ta,15,1.0,100,100
cue_presence,ta,16,1.0,100,100
cue_presence,ta,17,1.0,100,100
cue_presence,ta,18,1.0,100,100
cue_presence,ta,19,1.0,100,100
cue_presence,ta,20,1.0,100,100
cue_presence,ta,21,1.0,100,100
cue_presence,ta,22,1.0,100,100
cue_presence,ta,23,1.0,100,100
cue_presence,ta,24,1.0,100,100
cue_presence,ta,25,1.0,100,100
cue_presence,ta,26,1.0,100,100
cue_presence,ta,27,1.0,100,100
cue_presence,ta,28,1.0,100,100
cue_presence,ta,29,1.0,100,100
cue_presence,ta,30,1.0,100,100
cue_presence,ta,31,1.0,100,100
cue_presence,ta,32,1.0,100,100
cue_presence,ta,33,1.0,100,100
cue_presence,ta,34,1.0,100,100
cue_presence,ta,35,1.0,100,100
cue_presence,ta,36,1.0,100,100
cue_presence,ta,37,1.0,100,100
cue_presence,ta,38,1.0,100,100
cue_presence,ta,39,1.0,100,100
cue_presence,te,0,0.9540000000000001,100,100
cue_presence,te,1,0.976,100,100
cue_presence,te,2,0.994,100,100
cue_presence,te,3,1.0,100,100
cue_presence,te,4,1.0,100,100
cue_presence,te,5,1.0,100,100
cue_presence,te,6,1.0,100,100
cue_presence,te,7,1.0,100,100
cue_presence,te,8,1.0,100,100
cue_presence,te,9,1.0,100,100
cue_presence,te,10,1.0,100,100
cue_presence,te,11,1.0,100,100
cue_presence,te,12,1.0,100,100
cue_presence,te,13,1.0,100,100
cue_presence,te,14,1.0,100,100
cue_presence,te,15,1.0,100,100
cue_presence,te,16,1.0,100,100
cue_presence,te,17,1.0,100,100
cue_presence,te,18,1.0,100,100
cue_presence,te,19,1.0,100,100
cue_presence,te,20,1.0,100,100
cue_presence,te,21,1.0,100,100
cue_presence,te,22,1.0,100,100
cue_presence,te,23,1.0,100,100
cue_presence,te,24,1.0,100,100
cue_presence,te,25,1.0,100,100
cue_presence,te,26,1.0,100,100
cue_presence,te,27,1.0,100,100
cue_presence,te,28,1.0,100,100
cue_presence,te,29,1.0,100,100
cue_presence,te,30,1.0,100,100
cue_presence,te,31,1.0,100,100
cue_presence,te,32,1.0,100,100
cue_presence,te,33,1.0,100,100
cue_presence,te,34,1.0,100,100
cue_presence,te,35,1.0,100,100
cue_presence,te,36,1.0,100,100
cue_presence,te,37,1.0,100,100
cue_presence,te,38,1.0,100,100
cue_presence,te,39,1.0,100,100
cue_presence,or,0,0.9964999999999999,100,100
cue_presence,or,1,0.999,100,100
cue_presence,or,2,1.0,100,100
cue_presence,or,3,1.0,100,100
cue_presence,or,4,1.0,100,100
cue_presence,or,5,1.0,100,100
cue_presence,or,6,1.0,100,100
cue_presence,or,7,1.0,100,100
cue_presence,or,8,1.0,100,100
cue_presence,or,9,1.0,100,100
cue_presence,or,10,1.0,100,100
cue_presence,or,11,1.0,100,100
cue_presence,or,12,1.0,100,100
cue_presence,or,13,1.0,100,100
cue_presence,or,14,1.0,100,100
cue_presence,or,15,1.0,100,100
cue_presence,or,16,1.0,100,100
cue_presence,or,17,1.0,100,100
cue_presence,or,18,1.0,100,100
cue_presence,or,19,1.0,100,100
cue_presence,or,20,1.0,100,100
cue_presence,or,21,1.0,100,100
cue_presence,or,22,1.0,100,100
cue_presence,or,23,1.0,100,100
cue_presence,or,24,1.0,100,100
cue_presence,or,25,1.0,100,100
cue_presence,or,26,1.0,100,100
cue_presence,or,27,1.0,100,100
cue_presence,or,28,1.0,100,100
cue_presence,or,29,1.0,100,100
cue_presence,or,30,1.0,100,100
cue_presence,or,31,1.0,100,100
cue_presence,or,32,1.0,100,100
cue_presence,or,33,1.0,100,100
cue_presence,or,34,1.0,100,100
cue_presence,or,35,1.0,100,100
cue_presence,or,36,1.0,100,100
cue_presence,or,37,1.0,100,100
cue_presence,or,38,1.0,100,100
cue_presence,or,39,1.0,100,100
awareness,en,0,0.6335972850678733,84,132
awareness,en,1,0.6580610021786493,84,132
awareness,en,2,0.6089932126696833,84,132
awareness,en,3,0.6144691637338695,84,132
awareness,en,4,0.6180010893246188,84,132
awareness,en,5,0.6663356795709736,84,132
awareness,en,6,0.656980056980057,84,132
awareness,en,7,0.6652589240824535,84,132
awareness,en,8,0.6740635997988939,84,132
awareness,en,9,0.6672008547008548,84,132
awareness,en,10,0.685572733366851,84,132
awareness,en,11,0.6978904809787163,84,132
awareness,en,12,0.6987137590078767,84,132
awareness,en,13,0.6828871292106586,84,132
awareness,en,14,0.6772058823529411,84,132
awareness,en,15,0.677717026981733,84,132
awareness,en,16,0.6910570638511816,84,132
awareness,en,17,0.69055639349757,84,132
awareness,en,18,0.6884762024467908,84,132
awareness,en,19,0.7139496396849339,84,132
awareness,en,20,0.6921526730350259,84,132
awareness,en,21,0.684376571141277,84,132
awareness,en,22,0.6748051784816491,84,132
awareness,en,23,0.6709694989106754,84,132
awareness,en,24,0.6681875314228256,84,132
awareness,en,25,0.6489777107424166,84,132
awareness,en,26,0.6635641863583039,84,132
awareness,en,27,0.658771158035864,84,132
awareness,en,28,0.6481963298139768,84,132
awareness,en,29,0.6355538796715268,84,132
awareness,en,30,0.642144293614882,84,132
awareness,en,31,0.624794704206469,84,132
awareness,en,32,0.6178062678062679,84,132
awareness,en,33,0.6314731020613374,84,132
awareness,en,34,0.6521535109770404,84,132
awareness,en,35,0.632112032847327,84,132
awareness,en,36,0.6342843975196917,84,132
awareness,en,37,0.6239923747276689,84,132
awareness,en,38,0.6291792357968828,84,132
awareness,en,39,0.6249120160884868,84,132
awareness,hi,0,0.7372727272727273,21,55
awareness,hi,1,0.7309090909090908,21,55
awareness,hi,2,0.7136363636363636,21,55
awareness,hi,3,0.769090909090909,21,55
awareness,hi,4,0.7245454545454546,21,55
awareness,hi,5,0.77,21,55
awareness,hi,6,0.8045454545454547,21,55
awareness,hi,7,0.8181818181818181,21,55
awareness,hi,8,0.8745454545454544,21,55
awareness,hi,9,0.8418181818181818,21,55
awareness,hi,10,0.8227272727272729,21,55
awareness,hi,11,0.8418181818181818,21,55
awareness,hi,12,0.82,21,55
awareness,hi,13,0.7981818181818181,21,55
awareness,hi,14,0.7763636363636364,21,55
awareness,hi,15,0.7963636363636364,21,55
awareness,hi,16,0.7836363636363637,21,55
awareness,hi,17,0.7772727272727272,21,55
awareness,hi,18,0.7936363636363637,21,55
awareness,hi,19,0.7936363636363637,21,55
awareness,hi,20,0.7854545454545454,21,55
awareness,hi,21,0.7863636363636364,21,55
awareness,hi,22,0.8027272727272727,21,55
awareness,hi,23,0.7990909090909091,21,55
awareness,hi,24,0.7981818181818181,21,55
awareness,hi,25,0.7890909090909091,21,55
awareness,hi,26,0.78,21,55
awareness,hi,27,0.7799999999999999,21,55
awareness,hi,28,0.7709090909090909,21,55
awareness,hi,29,0.7754545454545454,21,55
awareness,hi,30,0.7845454545454545,21,55
awareness,hi,31,0.7927272727272727,21,55
awareness,hi,32,0.8099999999999999,21,55
awareness,hi,33,0.8009090909090908,21,55
awareness,hi,34,0.7972727272727272,21,55
awareness,hi,35,0.8054545454545453,21,55
awareness,hi,36,0.7881818181818181,21,55
awareness,hi,37,0.7981818181818182,21,55
awareness,hi,38,0.82,21,55
awareness,hi,39,0.8118181818181818,21,55
awareness,bn,0,0.7128924162257495,75,139
awareness,bn,1,0.6878659611992946,75,139
awareness,bn,2,0.721358024691358,75,139
awareness,bn,3,0.7199294532627867,75,139
awareness,bn,4,0.7325573192239859,75,139
awareness,bn,5,0.7570017636684303,75,139
awareness,bn,6,0.7436507936507937,75,139
awareness,bn,7,0.7469135802469136,75,139
awareness,bn,8,0.7602116402116402,75,139
awareness,bn,9,0.7774426807760142,75,139
awareness,bn,10,0.7441622574955908,75,139
awareness,bn,11,0.7571957671957673,75,139
awareness,bn,12,0.7685714285714286,75,139
awareness,bn,13,0.7585185185185186,75,139
awareness,bn,14,0.7574250440917109,75,139
awareness,bn,15,0.7608289241622576,75,139
awareness,bn,16,0.7799647266313933,75,139
awareness,bn,17,0.779400352733686,75,139
awareness,bn,18,0.7613227513227513,75,139
awareness,bn,19,0.7788183421516754,75,139
awareness,bn,20,0.7759435626102293,75,139
awareness,bn,21,0.7870017636684304,75,139
awareness,bn,22,0.7844620811287479,75,139
awareness,bn,23,0.7751851851851852,75,139
awareness,bn,24,0.7836155202821868,75,139
awareness,bn,25,0.7735978835978836,75,139
awareness,bn,26,0.7852028218694884,75,139
awareness,bn,27,0.7776014109347442,75,139
awareness,bn,28,0.7685008818342152,75,139
awareness,bn,29,0.768994708994709,75,139
awareness,bn,30,0.7752028218694884,75,139
awareness,bn,31,0.7839858906525572,75,139
awareness,bn,32,0.7734038800705467,75,139
awareness,bn,33,0.7613403880070546,75,139
awareness,bn,34,0.767089947089947,75,139
awareness,bn,35,0.7853086419753086,75,139
awareness,bn,36,0.7835097001763668,75,139
awareness,bn,37,0.779753086419753,75,139
awareness,bn,38,0.7881305114638447,75,139
awareness,bn,39,0.7801410934744267,75,139
awareness,ta,0,0.6181818181818182,15,59
awareness,ta,1,0.5555555555555556,15,59
awareness,ta,2,0.5444444444444445,15,59
awareness,ta,3,0.5803030303030303,15,59
awareness,ta,4,0.5454545454545455,15,59
awareness,ta,5,0.5696969696969697,15,59
awareness,ta,6,0.5414141414141415,15,59
awareness,ta,7,0.5878787878787878,15,59
awareness,ta,8,0.5535353535353535,15,59
awareness,ta,9,0.5767676767676767,15,59
awareness,ta,10,0.6272727272727272,15,59
awareness,ta,11,0.6035353535353535,15,59
awareness,ta,12,0.6272727272727272,15,59
awareness,ta,13,0.5595959595959596,15,59
awareness,ta,14,0.49393939393939384,15,59
awareness,ta,15,0.4878787878787879,15,59
awareness,ta,16,0.4878787878787878,15,59
awareness,ta,17,0.516161616161616,15,59
awareness,ta,18,0.51010101010101,15,59
awareness,ta,19,0.5328282828282828,15,59
awareness,ta,20,0.5323232323232323,15,59
awareness,ta,21,0.5383838383838383,15,59
awareness,ta,22,0.4878787878787879,15,59
awareness,ta,23,0.4818181818181818,15,59
awareness,ta,24,0.5262626262626262,15,59
awareness,ta,25,0.48737373737373735,15,59
awareness,ta,26,0.51010101010101,15,59
awareness,ta,27,0.5328282828282828,15,59
awareness,ta,28,0.5439393939393938,15,59
awareness,ta,29,0.5439393939393938,15,59
awareness,ta,30,0.56010101010101,15,59
awareness,ta,31,0.5434343434343434,15,59
awareness,ta,32,0.5383838383838383,15,59
awareness,ta,33,0.5484848484848485,15,59
awareness,ta,34,0.5707070707070707,15,59
awareness,ta,35,0.56010101010101,15,59
awareness,ta,36,0.5429292929292929,15,59
awareness,ta,37,0.598989898989899,15,59
awareness,ta,38,0.6277777777777779,15,59
awareness,ta,39,0.6449494949494949,15,59
awareness,te,0,0.5242424242424242,15,56
awareness,te,1,0.501010101010101,15,56
awareness,te,2,0.5015151515151515,15,56
awareness,te,3,0.501010101010101,15,56
awareness,te,4,0.5191919191919192,15,56
awareness,te,5,0.48434343434343435,15,56
awareness,te,6,0.6878787878787879,15,56
awareness,te,7,0.6868686868686869,15,56
awareness,te,8,0.7146464646464648,15,56
awareness,te,9,0.6868686868686869,15,56
awareness,te,10,0.6681818181818182,15,56
awareness,te,11,0.6691919191919192,15,56
awareness,te,12,0.6383838383838384,15,56
awareness,te,13,0.6499999999999999,15,56
awareness,te,14,0.5772727272727273,15,56
awareness,te,15,0.5898989898989899,15,56
awareness,te,16,0.6191919191919193,15,56
awareness,te,17,0.655050505050505,15,56
awareness,te,18,0.6722222222222222,15,56
awareness,te,19,0.6368686868686868,15,56
awareness,te,20,0.6378787878787878,15,56
awareness,te,21,0.6499999999999999,15,56
awareness,te,22,0.6439393939393938,15,56
awareness,te,23,0.6318181818181817,15,56
awareness,te,24,0.6186868686868686,15,56
awareness,te,25,0.6050505050505051,15,56
awareness,te,26,0.611111111111111,15,56
awareness,te,27,0.6292929292929292,15,56
awareness,te,28,0.6358585858585858,15,56
awareness,te,29,0.6595959595959595,15,56
awareness,te,30,0.6479797979797979,15,56
awareness,te,31,0.6414141414141413,15,56
awareness,te,32,0.6297979797979798,15,56
awareness,te,33,0.6474747474747475,15,56
awareness,te,34,0.6828282828282828,15,56
awareness,te,35,0.6949494949494949,15,56
awareness,te,36,0.6828282828282828,15,56
awareness,te,37,0.6797979797979797,15,56
awareness,te,38,0.656060606060606,15,56
awareness,te,39,0.692929292929293,15,56
awareness,or,0,0.6392592592592592,13,48
awareness,or,1,0.46222222222222226,13,48
awareness,or,2,0.52,13,48
awareness,or,3,0.6196296296296296,13,48
awareness,or,4,0.6785185185185185,13,48
awareness,or,5,0.7874074074074074,13,48
awareness,or,6,0.8203703703703702,13,48
awareness,or,7,0.7837037037037036,13,48
awareness,or,8,0.767037037037037,13,48
awareness,or,9,0.7081481481481482,13,48
awareness,or,10,0.6988888888888888,13,48
awareness,or,11,0.6196296296296296,13,48
awareness,or,12,0.6537037037037037,13,48
awareness,or,13,0.6733333333333333,13,48
awareness,or,14,0.6948148148148148,13,48
awareness,or,15,0.7088888888888889,13,48
awareness,or,16,0.6881481481481482,13,48
awareness,or,17,0.6722222222222222,13,48
awareness,or,18,0.6614814814814814,13,48
awareness,or,19,0.6855555555555556,13,48
awareness,or,20,0.6866666666666668,13,48
awareness,or,21,0.6833333333333333,13,48
awareness,or,22,0.674074074074074,13,48
awareness,or,23,0.6525925925925925,13,48
awareness,or,24,0.6970370370370371,13,48
awareness,or,25,0.7077777777777777,13,48
awareness,or,26,0.731111111111111,13,48
awareness,or,27,0.7514814814814814,13,48
awareness,or,28,0.725925925925926,13,48
awareness,or,29,0.725925925925926,13,48
awareness,or,30,0.702962962962963,13,48
awareness,or,31,0.7037037037037037,13,48
awareness,or,32,0.7077777777777777,13,48
awareness,or,33,0.7244444444444444,13,48
awareness,or,34,0.6888888888888889,13,48
awareness,or,35,0.6907407407407407,13,48
awareness,or,36,0.7348148148148148,13,48
awareness,or,37,0.6785185185185185,13,48
awareness,or,38,0.6807407407407406,13,48
awareness,or,39,0.66,13,48
